<application>
  <component name="ProjectManager">
    <defaultProject>
      <component name="ProjectViewState">
        <option name="autoscrollFromSource" value="true" />
        <option name="hideEmptyMiddlePackages" value="true" />
        <option name="openDirectoriesWithSingleClick" value="true" />
        <option name="showLibraryContents" value="true" />
      </component>
      <component name="PropertiesComponent">{
  &quot;keyToString&quot;: {
    &quot;settings.editor.selected.configurable&quot;: &quot;preferences.lookFeel&quot;
  }
}</component>
      <component name="WindowStateProjectService">
        <state x="265" y="100" key="SettingsEditor" timestamp="1716147685277">
          <screen x="0" y="38" width="1512" height="944" />
        </state>
        <state x="265" y="100" key="SettingsEditor/0.38.1512.944/-414.-1415.2560.1415" timestamp="1716147685277" />
      </component>
    </defaultProject>
  </component>
</application>