<application>
  <component name="SettingsSyncSettings">
    <option name="disabledSubcategories">
      <map>
        <entry key="PLUGINS">
          <value>
            <list>
              <option value="Dart" />
              <option value="IdeaVIM" />
              <option value="Pythonid" />
              <option value="com.intellij.bigdatatools.core" />
              <option value="com.intellij.bigdatatools.kafka" />
              <option value="com.intellij.spring.websocket" />
              <option value="com.intellij.wiremock" />
              <option value="dev.patrickpichler.darculaPitchBlackTheme" />
              <option value="ice.explosive.gdscript" />
              <option value="io.flutter" />
              <option value="mobi.hsz.idea.gitignore" />
              <option value="name.kropp.intellij.makefile" />
              <option value="org.jetbrains.android" />
              <option value="org.tbm98.flutter-riverpod-snippets" />
            </list>
          </value>
        </entry>
      </map>
    </option>
    <option name="syncEnabled" value="true" />
  </component>
</application>