<application>
  <component name="DimensionService">
    <location key="find.popup.0.0.3024.1964@192dpi" x="1040" y="264" />
    <size key="GridCell.Tab.0.left.0.0.3024.1964@192dpi" width="3024" height="558" />
    <size key="GridCell.Tab.0.center.0.0.3024.1964@192dpi" width="3024" height="558" />
    <size key="GridCell.Tab.0.right.0.0.3024.1964@192dpi" width="3024" height="558" />
    <size key="GridCell.Tab.0.bottom.0.0.3024.1964@192dpi" width="3024" height="558" />
    <size key="GridCell.Tab.1.left.0.0.3024.1964@192dpi" width="3024" height="532" />
    <size key="GridCell.Tab.1.center.0.0.3024.1964@192dpi" width="3024" height="532" />
    <size key="GridCell.Tab.1.right.0.0.3024.1964@192dpi" width="3024" height="532" />
    <size key="GridCell.Tab.1.bottom.0.0.3024.1964@192dpi" width="3024" height="532" />
    <size key="GridCell.Tab.0.left.0.0.2560.1440" width="2560" height="442" />
    <size key="GridCell.Tab.0.center.0.0.2560.1440" width="2560" height="442" />
    <size key="GridCell.Tab.0.right.0.0.2560.1440" width="2560" height="442" />
    <size key="GridCell.Tab.0.bottom.0.0.2560.1440" width="2560" height="442" />
    <size key="GridCell.Tab.1.left.0.0.2560.1440" width="2560" height="442" />
    <size key="GridCell.Tab.1.center.0.0.2560.1440" width="2560" height="442" />
    <size key="GridCell.Tab.1.right.0.0.2560.1440" width="2560" height="442" />
    <size key="GridCell.Tab.1.bottom.0.0.2560.1440" width="2560" height="442" />
    <size key="find.popup.0.0.3024.1964@192dpi" width="1286" height="1476" />
  </component>
  <component name="WindowManager">
    <frame x="56" y="58" width="1400" height="904" />
  </component>
  <component name="WindowStateApplicationService">
    <state x="527" y="153" key="#HTTP_Proxy" timestamp="1725055741981">
      <screen x="0" y="38" width="1512" height="944" />
    </state>
    <state x="527" y="153" key="#HTTP_Proxy/0.38.1512.944" timestamp="1725055741981" />
    <state x="756" y="461" width="800" height="650" key="WELCOME_SCREEN" timestamp="1728505680888">
      <screen x="0" y="38" width="1512" height="944" />
    </state>
    <state x="756" y="461" width="800" height="650" key="WELCOME_SCREEN/0.38.1512.944" timestamp="1728505680888" />
    <state x="356" y="130" width="800" height="662" key="new project wizard" timestamp="1725058304527">
      <screen x="0" y="38" width="1512" height="944" />
    </state>
    <state x="356" y="130" width="800" height="662" key="new project wizard/0.38.1512.944" timestamp="1725058304527" />
  </component>
</application>