<keymap version="1" name="Hampus" parent="Mac OS X 10.5+">
  <action id="ActivateBookmarksToolWindow" />
  <action id="ActivateFindToolWindow" />
  <action id="ActivateTerminalToolWindow">
    <keyboard-shortcut first-keystroke="meta 2" />
  </action>
  <action id="ChangesView.Move" />
  <action id="ChooseRunConfiguration">
    <keyboard-shortcut first-keystroke="meta 3" />
  </action>
  <action id="Console.TableResult.SetDefault" />
  <action id="Diff.NextChange" />
  <action id="Diff.PrevChange" />
  <action id="DuplicatesForm.SendToRight" />
  <action id="EditorRight">
    <keyboard-shortcut first-keystroke="right" />
  </action>
  <action id="FileChooser.GotoModule" />
  <action id="FileChooser.GotoProject" />
  <action id="Generate">
    <keyboard-shortcut first-keystroke="meta n" />
  </action>
  <action id="GotoAction" />
  <action id="Jdbc.OpenConsole.New" />
  <action id="Jdbc.OpenConsole.New.Generate" />
  <action id="MethodDown" />
  <action id="MethodUp" />
  <action id="MinimizeCurrentWindow" />
  <action id="NewElement">
    <keyboard-shortcut first-keystroke="meta n" />
  </action>
  <action id="NextEditorTab" />
  <action id="NextTab" />
  <action id="NotebookRunCellAction" />
  <action id="PreviousEditorTab" />
  <action id="PreviousTab" />
  <action id="PreviousWindow" />
  <action id="Run" />
  <action id="ShowContent" />
  <action id="Terminal.ClearPrompt" />
  <action id="Terminal.SearchInCommandHistory" />
  <action id="TodoViewGroupByFlattenPackage" />
  <action id="Uml.NewElement">
    <keyboard-shortcut first-keystroke="meta n" />
  </action>
  <action id="UsageFiltering.ReadAccess" />
  <action id="Vcs.MoveChangedLinesToChangelist" />
</keymap>